{
  "__type__": "cc.SpriteFrame",
  "content": {
    "name": "z",
    "atlas": "",
    "rect": {
      "x": 13,
      "y": 7,
      "width": 38,
      "height": 49
    },
    "offset": {
      "x": 0,
      "y": 0.5
    },
    "originalSize": {
      "width": 64,
      "height": 64
    },
    "rotated": false,
    "capInsets": [
      0,
      0,
      0,
      0
    ],
    "vertices": {
      "rawPosition": [
        -19,
        -24.5,
        0,
        19,
        -24.5,
        0,
        -19,
        24.5,
        0,
        19,
        24.5,
        0
      ],
      "indexes": [
        0,
        1,
        2,
        2,
        1,
        3
      ],
      "uv": [
        13,
        57,
        51,
        57,
        13,
        8,
        51,
        8
      ],
      "nuv": [
        0.203125,
        0.125,
        0.796875,
        0.125,
        0.203125,
        0.890625,
        0.796875,
        0.890625
      ],
      "minPos": {
        "x": -19,
        "y": -24.5,
        "z": 0
      },
      "maxPos": {
        "x": 19,
        "y": 24.5,
        "z": 0
      }
    },
    "texture": "389d5fee-e29c-4221-b397-a4934a0a5694@6c48a",
    "packable": true,
    "pixelsToUnit": 100,
    "pivot": {
      "x": 0.5,
      "y": 0.5
    },
    "meshType": 0
  }
}