{
  "__type__": "cc.SpriteFrame",
  "content": {
    "name": "default_toggle_checkmark",
    "atlas": "",
    "rect": {
      "x": 4,
      "y": 5,
      "width": 20,
      "height": 18
    },
    "offset": {
      "x": 0,
      "y": 0
    },
    "originalSize": {
      "width": 28,
      "height": 28
    },
    "rotated": false,
    "capInsets": [
      0,
      0,
      0,
      0
    ],
    "vertices": {
      "rawPosition": [
        -10,
        -9,
        0,
        10,
        -9,
        0,
        -10,
        9,
        0,
        10,
        9,
        0
      ],
      "indexes": [
        0,
        1,
        2,
        2,
        1,
        3
      ],
      "uv": [
        4,
        23,
        24,
        23,
        4,
        5,
        24,
        5
      ],
      "nuv": [
        0.14285714285714285,
        0.17857142857142858,
        0.8571428571428571,
        0.17857142857142858,
        0.14285714285714285,
        0.8214285714285714,
        0.8571428571428571,
        0.8214285714285714
      ],
      "minPos": {
        "x": -10,
        "y": -9,
        "z": 0
      },
      "maxPos": {
        "x": 10,
        "y": 9,
        "z": 0
      }
    },
    "texture": "158e7e52-3220-4cd7-9694-713e0e6e8278@6c48a",
    "packable": true,
    "pixelsToUnit": 100,
    "pivot": {
      "x": 0.5,
      "y": 0.5
    },
    "meshType": 0
  }
}