{
  "__type__": "cc.SpriteFrame",
  "content": {
    "name": "y",
    "atlas": "",
    "rect": {
      "x": 11,
      "y": 7,
      "width": 43,
      "height": 49
    },
    "offset": {
      "x": 0.5,
      "y": 0.5
    },
    "originalSize": {
      "width": 64,
      "height": 64
    },
    "rotated": false,
    "capInsets": [
      0,
      0,
      0,
      0
    ],
    "vertices": {
      "rawPosition": [
        -21.5,
        -24.5,
        0,
        21.5,
        -24.5,
        0,
        -21.5,
        24.5,
        0,
        21.5,
        24.5,
        0
      ],
      "indexes": [
        0,
        1,
        2,
        2,
        1,
        3
      ],
      "uv": [
        11,
        57,
        54,
        57,
        11,
        8,
        54,
        8
      ],
      "nuv": [
        0.171875,
        0.125,
        0.84375,
        0.125,
        0.171875,
        0.890625,
        0.84375,
        0.890625
      ],
      "minPos": {
        "x": -21.5,
        "y": -24.5,
        "z": 0
      },
      "maxPos": {
        "x": 21.5,
        "y": 24.5,
        "z": 0
      }
    },
    "texture": "7b5313d0-f1aa-4b1b-a3c8-59d523c35301@6c48a",
    "packable": true,
    "pixelsToUnit": 100,
    "pivot": {
      "x": 0.5,
      "y": 0.5
    },
    "meshType": 0
  }
}